{"cameraMode":{"drawMode":0,"name":"Shaded","section":"Shading Mode"},"sceneLighting":true,"audioPlay":false,"sceneViewState":{"showFog":false,"showMaterialUpdate":false,"showSkybox":true,"showFlares":true,"showImageEffects":true,"showParticleSystems":true},"in2DMode":false,"pivot":{"x":2079.6982421875,"y":79.65497589111328,"z":-513.6658935546875},"rotation":{"x":-0.012844215147197247,"y":0.9496392011642456,"z":-0.3113093674182892,"w":-0.037443261593580249},"size":1064.4429931640625,"orthographic":false}