{"cameraMode":{"drawMode":0,"name":"Shaded","section":"Shading Mode"},"sceneLighting":true,"audioPlay":false,"sceneViewState":{"showFog":false,"showMaterialUpdate":false,"showSkybox":true,"showFlares":true,"showImageEffects":true,"showParticleSystems":true},"in2DMode":false,"pivot":{"x":672.3485107421875,"y":528.9671630859375,"z":135.35879516601563},"rotation":{"x":-0.18342351913452149,"y":0.6838723421096802,"z":-0.18398840725421906,"w":-0.6818049550056458},"size":133.01878356933595,"orthographic":false}