{"cameraMode":{"drawMode":0,"name":"Shaded","section":"Shading Mode"},"sceneLighting":true,"audioPlay":false,"sceneViewState":{"showFog":false,"showMaterialUpdate":false,"showSkybox":true,"showFlares":true,"showImageEffects":true,"showParticleSystems":true},"in2DMode":false,"pivot":{"x":-117.09986114501953,"y":-129.94613647460938,"z":756.3549194335938},"rotation":{"x":0.34056922793388369,"y":-0.616207480430603,"z":0.3339965045452118,"w":0.6271370649337769},"size":39.81135559082031,"orthographic":false}