{"cameraMode":{"drawMode":0,"name":"Shaded","section":"Shading Mode"},"sceneLighting":true,"audioPlay":false,"sceneViewState":{"showFog":false,"showMaterialUpdate":false,"showSkybox":true,"showFlares":true,"showImageEffects":true,"showParticleSystems":true},"in2DMode":false,"pivot":{"x":-155.581298828125,"y":-205.859130859375,"z":-88.47413635253906},"rotation":{"x":-0.3007243275642395,"y":0.6451395153999329,"z":-0.30713194608688357,"w":-0.6317180395126343},"size":988.2772216796875,"orthographic":false}