{"cameraMode":{"drawMode":0,"name":"Shaded","section":"Shading Mode"},"sceneLighting":true,"audioPlay":false,"sceneViewState":{"showFog":false,"showMaterialUpdate":false,"showSkybox":true,"showFlares":true,"showImageEffects":true,"showParticleSystems":true},"in2DMode":false,"pivot":{"x":207.06561279296876,"y":-473.2247314453125,"z":400.4871826171875},"rotation":{"x":0.0015668664127588273,"y":-0.8551843166351318,"z":0.5185804963111877,"w":0.002210811711847782},"size":1360.72607421875,"orthographic":false}