{"cameraMode":{"drawMode":0,"name":"Shaded","section":"Shading Mode"},"sceneLighting":true,"audioPlay":false,"sceneViewState":{"showFog":false,"showMaterialUpdate":false,"showSkybox":true,"showFlares":true,"showImageEffects":true,"showParticleSystems":true},"in2DMode":false,"pivot":{"x":193.78907775878907,"y":-137.254150390625,"z":1041.9111328125},"rotation":{"x":-0.031051354482769967,"y":-0.9190382957458496,"z":0.3859178125858307,"w":-0.07570502907037735},"size":734.5438842773438,"orthographic":false}