{"cameraMode":{"drawMode":0,"name":"Shaded","section":"Shading Mode"},"sceneLighting":true,"audioPlay":false,"sceneViewState":{"showFog":false,"showMaterialUpdate":false,"showSkybox":true,"showFlares":true,"showImageEffects":true,"showParticleSystems":true},"in2DMode":false,"pivot":{"x":-139.25062561035157,"y":-158.5089874267578,"z":747.8157958984375},"rotation":{"x":0.31107038259506228,"y":-0.6379746794700623,"z":0.31409165263175967,"w":0.630825400352478},"size":72.13331604003906,"orthographic":false}