{"cameraMode":{"drawMode":0,"name":"Shaded","section":"Shading Mode"},"sceneLighting":true,"audioPlay":false,"sceneViewState":{"showFog":false,"showMaterialUpdate":false,"showSkybox":true,"showFlares":true,"showImageEffects":true,"showParticleSystems":true},"in2DMode":false,"pivot":{"x":268.1510009765625,"y":-554.8209838867188,"z":195.88233947753907},"rotation":{"x":-0.3007243275642395,"y":0.6451395153999329,"z":-0.30713194608688357,"w":-0.6317180395126343},"size":889.4634399414063,"orthographic":false}