{"cameraMode":{"drawMode":0,"name":"Shaded","section":"Shading Mode"},"sceneLighting":true,"audioPlay":false,"sceneViewState":{"showFog":false,"showMaterialUpdate":false,"showSkybox":true,"showFlares":true,"showImageEffects":true,"showParticleSystems":true},"in2DMode":false,"pivot":{"x":-132.1822509765625,"y":-141.9887237548828,"z":793.60400390625},"rotation":{"x":0.16927124559879304,"y":-0.7038231492042542,"z":0.17871379852294923,"w":0.6664118766784668},"size":10.043371200561524,"orthographic":false}