{"cameraMode":{"drawMode":0,"name":"Shaded","section":"Shading Mode"},"sceneLighting":true,"audioPlay":false,"sceneViewState":{"showFog":false,"showMaterialUpdate":false,"showSkybox":true,"showFlares":true,"showImageEffects":true,"showParticleSystems":true},"in2DMode":false,"pivot":{"x":-125.75492095947266,"y":-148.6422576904297,"z":793.4014282226563},"rotation":{"x":0.4037879705429077,"y":-0.5769139528274536,"z":0.3946939706802368,"w":0.5902199745178223},"size":22.435487747192384,"orthographic":false}