{"cameraMode":{"drawMode":0,"name":"Shaded","section":"Shading Mode"},"sceneLighting":true,"audioPlay":false,"sceneViewState":{"showFog":false,"showMaterialUpdate":false,"showSkybox":true,"showFlares":true,"showImageEffects":true,"showParticleSystems":true},"in2DMode":false,"pivot":{"x":-131.52163696289063,"y":-150.49681091308595,"z":756.0187377929688},"rotation":{"x":-0.3260434567928314,"y":0.6252738237380981,"z":-0.3228789269924164,"w":-0.6312919855117798},"size":67.12378692626953,"orthographic":false}