{"cameraMode":{"drawMode":0,"name":"Shaded","section":"Shading Mode"},"sceneLighting":true,"audioPlay":false,"sceneViewState":{"showFog":false,"showMaterialUpdate":false,"showSkybox":true,"showFlares":true,"showImageEffects":true,"showParticleSystems":true},"in2DMode":false,"pivot":{"x":-104.98009490966797,"y":3.7716064453125,"z":109.9429931640625},"rotation":{"x":0.005814794916659594,"y":0.9269005656242371,"z":-0.375184029340744,"w":0.014784191735088826},"size":875.9646606445313,"orthographic":false}