{"cameraMode":{"drawMode":0,"name":"Shaded","section":"Shading Mode"},"sceneLighting":true,"audioPlay":false,"sceneViewState":{"showFog":false,"showMaterialUpdate":false,"showSkybox":true,"showFlares":true,"showImageEffects":true,"showParticleSystems":true},"in2DMode":false,"pivot":{"x":-103.32489013671875,"y":-135.43533325195313,"z":741.8914794921875},"rotation":{"x":0.3057543933391571,"y":-0.5860674381256104,"z":0.2537882626056671,"w":0.7062519788742065},"size":30.455257415771486,"orthographic":false}