{"cameraMode":{"drawMode":0,"name":"Shaded","section":"Shading Mode"},"sceneLighting":true,"audioPlay":false,"sceneViewState":{"showFog":false,"showMaterialUpdate":false,"showSkybox":true,"showFlares":true,"showImageEffects":true,"showParticleSystems":true},"in2DMode":false,"pivot":{"x":108.8227767944336,"y":432.8563537597656,"z":22.559219360351564},"rotation":{"x":-0.20994028449058534,"y":0.010344872251152993,"z":0.0018034137319773436,"w":0.9777554869651794},"size":164.60902404785157,"orthographic":false}