{"cameraMode":{"drawMode":0,"name":"Shaded","section":"Shading Mode"},"sceneLighting":true,"audioPlay":false,"sceneViewState":{"showFog":false,"showMaterialUpdate":false,"showSkybox":true,"showFlares":true,"showImageEffects":true,"showParticleSystems":true},"in2DMode":false,"pivot":{"x":-259.3778076171875,"y":182.875244140625,"z":1165.8994140625},"rotation":{"x":0.019831761717796327,"y":-0.771929144859314,"z":0.6351363658905029,"w":0.02330300584435463},"size":750.2056274414063,"orthographic":false}