{"cameraMode":{"drawMode":0,"name":"Shaded","section":"Shading Mode"},"sceneLighting":true,"audioPlay":false,"sceneViewState":{"showFog":false,"showMaterialUpdate":false,"showSkybox":true,"showFlares":true,"showImageEffects":true,"showParticleSystems":true},"in2DMode":false,"pivot":{"x":284.37445068359377,"y":236.24224853515626,"z":-74.42376708984375},"rotation":{"x":-0.19831852614879609,"y":-0.12516048550605775,"z":0.025535129010677339,"w":-0.9717913269996643},"size":433.2721252441406,"orthographic":false}