{"cameraMode":{"drawMode":0,"name":"Shaded","section":"Shading Mode"},"sceneLighting":true,"audioPlay":false,"sceneViewState":{"showFog":false,"showMaterialUpdate":false,"showSkybox":true,"showFlares":true,"showImageEffects":true,"showParticleSystems":true},"in2DMode":false,"pivot":{"x":213.1638946533203,"y":-321.65911865234377,"z":-364.5357666015625},"rotation":{"x":0.00671744579449296,"y":-0.7655568718910217,"z":0.6435028910636902,"w":0.0068916562013328079},"size":2786.460693359375,"orthographic":false}