{"cameraMode":{"drawMode":0,"name":"Shaded","section":"Shading Mode"},"sceneLighting":true,"audioPlay":false,"sceneViewState":{"showFog":false,"showMaterialUpdate":false,"showSkybox":true,"showFlares":true,"showImageEffects":true,"showParticleSystems":true},"in2DMode":false,"pivot":{"x":-97.98140716552735,"y":-143.584716796875,"z":740.6234741210938},"rotation":{"x":0.01897728629410267,"y":0.7282766103744507,"z":-0.685024619102478,"w":0.020184002816677095},"size":19.780729293823243,"orthographic":false}