{"cameraMode":{"drawMode":0,"name":"Shaded","section":"Shading Mode"},"sceneLighting":true,"audioPlay":false,"sceneViewState":{"showFog":false,"showMaterialUpdate":false,"showSkybox":true,"showFlares":true,"showImageEffects":true,"showParticleSystems":true},"in2DMode":false,"pivot":{"x":2466.59375,"y":23.11444091796875,"z":1854.561279296875},"rotation":{"x":0.00747852073982358,"y":0.8409664034843445,"z":-0.5411791205406189,"w":0.01232769712805748},"size":230.65142822265626,"orthographic":false}