{"cameraMode":{"drawMode":0,"name":"Shaded","section":"Shading Mode"},"sceneLighting":true,"audioPlay":false,"sceneViewState":{"showFog":false,"showMaterialUpdate":false,"showSkybox":true,"showFlares":true,"showImageEffects":true,"showParticleSystems":true},"in2DMode":false,"pivot":{"x":2355.2724609375,"y":69.15728759765625,"z":1640.047607421875},"rotation":{"x":-0.22105473279953004,"y":0.7690100073814392,"z":-0.4898833930492401,"w":-0.3465607464313507},"size":185.59420776367188,"orthographic":false}