{"cameraMode":{"drawMode":0,"name":"Shaded","section":"Shading Mode"},"sceneLighting":true,"audioPlay":false,"sceneViewState":{"showFog":false,"showMaterialUpdate":false,"showSkybox":true,"showFlares":true,"showImageEffects":true,"showParticleSystems":true},"in2DMode":false,"pivot":{"x":-112.275634765625,"y":-141.3828125,"z":758.1517333984375},"rotation":{"x":-0.22105473279953004,"y":0.7690100073814392,"z":-0.4898833930492401,"w":-0.3465607464313507},"size":944.216552734375,"orthographic":false}