{"cameraMode":{"drawMode":0,"name":"Shaded","section":"Shading Mode"},"sceneLighting":true,"audioPlay":false,"sceneViewState":{"showFog":false,"showMaterialUpdate":false,"showSkybox":true,"showFlares":true,"showImageEffects":true,"showParticleSystems":true},"in2DMode":false,"pivot":{"x":1126.671630859375,"y":1105.568603515625,"z":206.24411010742188},"rotation":{"x":0.014127841219305992,"y":-0.9283298850059509,"z":0.3705466091632843,"w":0.03338473290205002},"size":174.92933654785157,"orthographic":false}