{"cameraMode":{"drawMode":0,"name":"Shaded","section":"Shading Mode"},"sceneLighting":true,"audioPlay":false,"sceneViewState":{"showFog":false,"showMaterialUpdate":false,"showSkybox":true,"showFlares":true,"showImageEffects":true,"showParticleSystems":true},"in2DMode":false,"pivot":{"x":2621.52490234375,"y":-12.095826148986817,"z":496.68316650390627},"rotation":{"x":0.09856197237968445,"y":0.8827919363975525,"z":-0.40586477518081667,"w":0.2157192975282669},"size":1799.4312744140625,"orthographic":false}