{"cameraMode":{"drawMode":0,"name":"Shaded","section":"Shading Mode"},"sceneLighting":true,"audioPlay":false,"sceneViewState":{"showFog":false,"showMaterialUpdate":false,"showSkybox":true,"showFlares":true,"showImageEffects":true,"showParticleSystems":true},"in2DMode":false,"pivot":{"x":-1438.9517822265625,"y":-20.327529907226564,"z":-1120.4481201171875},"rotation":{"x":-0.048643261194229129,"y":-0.9081540703773499,"z":0.40075984597206118,"w":-0.11200975626707077},"size":623.8771362304688,"orthographic":false}