{"cameraMode":{"drawMode":0,"name":"Shaded","section":"Shading Mode"},"sceneLighting":true,"audioPlay":false,"sceneViewState":{"showFog":false,"showMaterialUpdate":false,"showSkybox":true,"showFlares":true,"showImageEffects":true,"showParticleSystems":true},"in2DMode":false,"pivot":{"x":-119.89370727539063,"y":-19.0035400390625,"z":298.1045227050781},"rotation":{"x":-0.11980735510587692,"y":-0.8598683476448059,"z":0.43658778071403506,"w":-0.23604276776313783},"size":799.0928955078125,"orthographic":false}