{"cameraMode":{"drawMode":0,"name":"Shaded","section":"Shading Mode"},"sceneLighting":true,"audioPlay":false,"sceneViewState":{"showFog":false,"showMaterialUpdate":false,"showSkybox":true,"showFlares":true,"showImageEffects":true,"showParticleSystems":true},"in2DMode":false,"pivot":{"x":-87.8515625,"y":-138.5723114013672,"z":719.9852294921875},"rotation":{"x":0.22385059297084809,"y":-0.7632324695587158,"z":0.3408380448818207,"w":0.5012549161911011},"size":27.85249900817871,"orthographic":false}