{"cameraMode":{"drawMode":0,"name":"Shaded","section":"Shading Mode"},"sceneLighting":true,"audioPlay":false,"sceneViewState":{"showFog":false,"showMaterialUpdate":false,"showSkybox":true,"showFlares":true,"showImageEffects":true,"showParticleSystems":true},"in2DMode":false,"pivot":{"x":-144.4702606201172,"y":-141.6678466796875,"z":759.19140625},"rotation":{"x":0.09783661365509033,"y":-0.634634256362915,"z":0.07804641872644425,"w":0.7631810307502747},"size":42.36116027832031,"orthographic":false}