{"cameraMode":{"drawMode":0,"name":"Shaded","section":"Shading Mode"},"sceneLighting":true,"audioPlay":false,"sceneViewState":{"showFog":false,"showMaterialUpdate":false,"showSkybox":true,"showFlares":true,"showImageEffects":true,"showParticleSystems":true},"in2DMode":false,"pivot":{"x":-108.85218811035156,"y":-141.2164306640625,"z":798.2636108398438},"rotation":{"x":-0.009457970969378949,"y":-0.9758936762809753,"z":0.21382993459701539,"w":-0.04335442930459976},"size":2.36586594581604,"orthographic":false}