{"cameraMode":{"drawMode":0,"name":"Shaded","section":"Shading Mode"},"sceneLighting":true,"audioPlay":false,"sceneViewState":{"showFog":false,"showMaterialUpdate":false,"showSkybox":true,"showFlares":true,"showImageEffects":true,"showParticleSystems":true},"in2DMode":false,"pivot":{"x":592.5977172851563,"y":-249.80181884765626,"z":-54.908058166503909},"rotation":{"x":0.010671475902199746,"y":-0.8810067772865295,"z":0.47287121415138247,"w":0.019472019746899606},"size":2105.654541015625,"orthographic":false}