{"cameraMode":{"drawMode":0,"name":"Shaded","section":"Shading Mode"},"sceneLighting":true,"audioPlay":false,"sceneViewState":{"showFog":false,"showMaterialUpdate":false,"showSkybox":true,"showFlares":true,"showImageEffects":true,"showParticleSystems":true},"in2DMode":false,"pivot":{"x":-77.71276092529297,"y":-139.63998413085938,"z":756.7160034179688},"rotation":{"x":0.12874841690063477,"y":-0.7482431530952454,"z":0.1522110551595688,"w":0.6327877044677734},"size":2.1904051303863527,"orthographic":false}