{"cameraMode":{"drawMode":0,"name":"Shaded","section":"Shading Mode"},"sceneLighting":true,"audioPlay":false,"sceneViewState":{"showFog":false,"showMaterialUpdate":false,"showSkybox":true,"showFlares":true,"showImageEffects":true,"showParticleSystems":true},"in2DMode":false,"pivot":{"x":-168.5672149658203,"y":-162.65927124023438,"z":763.2111206054688},"rotation":{"x":0.2949918806552887,"y":-0.5252320170402527,"z":0.20122940838336945,"w":0.7725769281387329},"size":36.088905334472659,"orthographic":false}